module_count,module_size,n,sample_id,attempts_used,attractor_count,target_period,target_state,target_basin_size,B0,B1,B2,delta1,delta2,eta,cooperative_jump,gamma_max,gamma_i,gamma_j,gamma_pair_cross_module,best_S0,best_S1,best_S2,planted_states
3,4,12,0,19,21,1,803,211,0.051513671875,0.71875,1.0,0.667236328125,0.28125,-0.385986328125,False,0.392822265625,2,8,True,,11,0 11,814 46 1006 238 803 35 995 227
3,4,12,1,4,38,1,2157,272,0.06640625,0.673828125,1.0,0.607421875,0.326171875,-0.28125,False,0.328125,0,11,True,,3,3 10,2061 3853 2157 3949 2056 3848 2152 3944
3,4,12,2,1,16,1,2893,711,0.173583984375,0.572265625,0.814453125,0.398681640625,0.2421875,-0.156494140625,False,0.135009765625,7,9,True,,8,6 8,2891 587 2987 683 2893 589 2989 685
3,4,12,3,10,36,1,2467,870,0.21240234375,0.634765625,1.0,0.42236328125,0.365234375,-0.05712890625,False,0.2421875,6,8,True,,11,7 8,2323 1811 2467 1955 2332 1820 2476 1964
3,4,12,4,33,35,1,3718,226,0.05517578125,0.1328125,0.375,0.07763671875,0.2421875,0.16455078125,True,0.21240234375,3,8,True,,8,3 8,3798 1238 3718 1158 3804 1244 3724 1164
3,4,12,5,2,24,1,1394,640,0.15625,0.37890625,0.796875,0.22265625,0.41796875,0.1953125,True,0.30859375,3,10,True,,10,3 10,1544 1288 1656 1400 1538 1282 1650 1394
3,4,12,6,3,48,1,1800,334,0.08154296875,0.44677734375,0.8671875,0.365234375,0.42041015625,0.05517578125,True,0.30224609375,8,11,False,,11,8 11,518 1798 742 2022 520 1800 744 2024
3,4,12,7,9,41,1,2523,432,0.10546875,0.5078125,0.921875,0.40234375,0.4140625,0.01171875,True,0.3046875,3,7,True,,4,1 4,2520 1752 2536 1768 2523 1755 2539 1771
3,4,12,8,7,19,1,820,872,0.212890625,0.97900390625,1.0,0.76611328125,0.02099609375,-0.7451171875,False,0.37548828125,1,4,True,,5,1 4,825 57 937 169 820 52 932 164
3,4,12,9,1,31,1,3380,1470,0.35888671875,0.9375,1.0,0.57861328125,0.0625,-0.51611328125,False,0.18505859375,4,11,True,,8,2 8,3380 820 3332 772 3389 829 3341 781
3,4,12,10,9,48,1,1119,394,0.09619140625,0.23095703125,0.5625,0.134765625,0.33154296875,0.19677734375,True,0.25830078125,3,10,True,,0,3 10,3935 1119 4079 1263 3928 1112 4072 1256
3,4,12,11,1,12,1,3216,575,0.140380859375,0.4326171875,1.0,0.292236328125,0.5673828125,0.275146484375,True,0.595703125,0,11,True,,2,0 8,3216 1936 3120 1840 3229 1949 3133 1853
3,4,12,12,13,42,1,2682,209,0.051025390625,0.3134765625,0.7587890625,0.262451171875,0.4453125,0.182861328125,True,0.275634765625,7,9,True,,7,2 7,1674 2698 1658 2682 1665 2689 1649 2673
3,4,12,13,2,12,1,2544,588,0.1435546875,1.0,1.0,0.8564453125,0.0,-0.8564453125,False,0.04541015625,5,10,True,,4,4,755 2547 595 2387 752 2544 592 2384
3,4,12,14,17,16,1,1316,912,0.22265625,0.625,1.0,0.40234375,0.375,-0.02734375,False,0.2265625,3,5,True,,3,3 4,1316 2852 1412 2948 1319 2855 1415 2951
3,4,12,15,2,30,1,1480,377,0.092041015625,0.42529296875,0.75,0.333251953125,0.32470703125,-0.008544921875,False,0.290771484375,0,5,True,,5,0 5,2753 1473 2801 1521 2760 1480 2808 1528
3,4,12,16,14,23,1,450,940,0.2294921875,0.747802734375,1.0,0.518310546875,0.252197265625,-0.26611328125,False,0.162353515625,0,9,True,,4,4 8,1733 453 1685 405 1730 450 1682 402
3,4,12,17,1,20,1,1310,235,0.057373046875,0.64208984375,1.0,0.584716796875,0.35791015625,-0.226806640625,False,0.35791015625,3,4,True,,9,4 9,133 1413 21 1301 142 1422 30 1310
3,4,12,18,4,17,1,337,1394,0.34033203125,0.669677734375,0.90625,0.329345703125,0.236572265625,-0.0927734375,False,0.146484375,2,8,True,,1,0 8,3201 385 3153 337 3206 390 3158 342
3,4,12,19,4,25,1,2205,344,0.083984375,0.197265625,0.46875,0.11328125,0.271484375,0.158203125,True,0.1787109375,4,10,True,,0,4 10,2049 1281 2193 1425 2061 1293 2205 1437
3,4,12,20,20,25,1,3515,212,0.0517578125,0.6787109375,1.0,0.626953125,0.3212890625,-0.3056640625,False,0.388671875,3,9,True,,5,0 8,3333 2565 3509 2741 3339 2571 3515 2747
3,4,12,21,9,24,1,1068,348,0.0849609375,0.22509765625,0.43359375,0.14013671875,0.20849609375,0.068359375,True,0.1435546875,3,9,True,,9,3 9,1159 2183 1063 2087 1164 2188 1068 2092
3,4,12,22,3,22,1,2563,958,0.23388671875,0.52490234375,1.0,0.291015625,0.47509765625,0.18408203125,True,0.34765625,1,8,True,,1,1 5,2723 1955 2563 1795 2720 1952 2560 1792
3,4,12,23,6,21,1,3375,316,0.0771484375,0.6025390625,1.0,0.525390625,0.3974609375,-0.1279296875,False,0.349609375,2,5,True,,5,2 5,3471 1935 3375 1839 3460 1924 3364 1828
3,4,12,24,5,33,1,2800,860,0.2099609375,0.3994140625,0.732421875,0.189453125,0.3330078125,0.1435546875,True,0.15625,3,8,True,,11,5 11,1783 2807 1543 2567 1776 2800 1536 2560
3,4,12,25,7,18,1,1347,233,0.056884765625,0.2734375,0.6962890625,0.216552734375,0.4228515625,0.206298828125,True,0.557373046875,3,11,True,,5,0 11,2120 1352 2184 1416 2115 1347 2179 1411
3,4,12,26,5,16,1,3971,1160,0.283203125,0.73876953125,1.0,0.45556640625,0.26123046875,-0.1943359375,False,0.24755859375,8,11,False,,11,8 11,899 3971 883 3955 901 3973 885 3957
3,4,12,27,4,14,1,3497,1566,0.38232421875,0.65966796875,1.0,0.27734375,0.34033203125,0.06298828125,True,0.265625,7,8,True,,10,2 10,3497 425 3417 345 3488 416 3408 336
3,4,12,28,34,30,1,3714,208,0.05078125,0.1796875,0.7529296875,0.12890625,0.5732421875,0.4443359375,True,0.54052734375,1,6,True,,9,1 6,3714 130 3602 18 3724 140 3612 28
3,4,12,29,7,30,1,3222,216,0.052734375,0.427734375,0.84375,0.375,0.416015625,0.041015625,True,0.2705078125,5,10,True,,10,4 10,918 3222 822 3126 924 3228 828 3132
3,4,12,30,9,52,1,403,244,0.0595703125,0.44189453125,1.0,0.38232421875,0.55810546875,0.17578125,True,0.87548828125,6,8,True,,9,6 8,453 2245 405 2197 451 2243 403 2195
3,4,12,31,9,23,1,52,406,0.09912109375,0.439453125,0.9453125,0.34033203125,0.505859375,0.16552734375,True,0.42333984375,0,9,True,,0,0 9,202 3530 58 3386 196 3524 52 3380
3,4,12,32,2,42,1,2098,526,0.12841796875,0.923828125,1.0,0.79541015625,0.076171875,-0.71923828125,False,0.291748046875,7,10,True,,4,0 4,2130 3666 2098 3634 2140 3676 2108 3644
3,4,12,33,3,23,1,1234,235,0.057373046875,0.822998046875,1.0,0.765625,0.177001953125,-0.588623046875,False,0.26806640625,5,10,True,,11,1 9,2098 1074 2258 1234 2109 1085 2269 1245
3,4,12,34,8,26,1,157,244,0.0595703125,0.4921875,0.91015625,0.4326171875,0.41796875,-0.0146484375,False,0.44189453125,1,6,True,,2,2 6,125 3453 157 3485 120 3448 152 3480
3,4,12,35,13,43,1,1243,260,0.0634765625,0.17578125,0.40625,0.1123046875,0.23046875,0.1181640625,True,0.169921875,5,11,True,,11,5 11,1239 3031 1079 2871 1243 3035 1083 2875
3,4,12,36,5,16,1,3579,441,0.107666015625,0.265625,0.631103515625,0.157958984375,0.365478515625,0.20751953125,True,0.31787109375,6,10,True,,6,6 10,571 3387 763 3579 572 3388 764 3580
3,4,12,37,3,20,1,2122,454,0.11083984375,0.64306640625,1.0,0.5322265625,0.35693359375,-0.17529296875,False,0.317626953125,0,5,True,,7,0 6,1868 2124 2044 2300 1866 2122 2042 2298
3,4,12,38,6,24,1,2880,394,0.09619140625,1.0,1.0,0.90380859375,0.0,-0.90380859375,False,0.124755859375,1,2,False,,8,8,2854 2086 2886 2118 2848 2080 2880 2112
3,4,12,39,3,25,1,3432,496,0.12109375,0.322265625,0.72900390625,0.201171875,0.40673828125,0.20556640625,True,0.31396484375,6,8,True,,6,6 8,1128 3432 1192 3496 1131 3435 1195 3499
3,4,12,40,5,62,1,2732,248,0.060546875,0.15771484375,0.5244140625,0.09716796875,0.36669921875,0.26953125,True,0.2998046875,4,11,True,,4,4 11,2619 1083 2731 1195 2620 1084 2732 1196
3,4,12,41,3,29,1,3683,278,0.06787109375,0.20654296875,0.5419921875,0.138671875,0.33544921875,0.19677734375,True,0.20751953125,2,4,True,,4,2 4,3805 2525 3693 2413 3795 2515 3683 2403
3,4,12,42,14,20,1,2240,656,0.16015625,0.498046875,1.0,0.337890625,0.501953125,0.1640625,True,0.330078125,3,6,True,,3,3 6,2080 544 2240 704 2087 551 2247 711
3,4,12,43,6,32,1,539,240,0.05859375,0.71484375,1.0,0.65625,0.28515625,-0.37109375,False,0.5859375,7,9,True,,8,2 8,2331 539 2379 587 2321 529 2369 577
3,4,12,44,23,24,1,2953,227,0.055419921875,1.0,1.0,0.944580078125,0.0,-0.944580078125,False,-0.124267578125,8,9,False,,2,2,2953 1161 3001 1209 2946 1154 2994 1202
3,4,12,45,2,31,1,1830,224,0.0546875,0.1103515625,0.52734375,0.0556640625,0.4169921875,0.361328125,True,0.369140625,8,11,False,,8,8 11,3110 1830 3318 2038 3112 1832 3320 2040
3,4,12,46,4,20,1,3336,432,0.10546875,0.3203125,0.921875,0.21484375,0.6015625,0.38671875,True,0.46240234375,2,9,True,,2,2 9,3510 694 3334 518 3512 696 3336 520
3,4,12,47,6,22,1,3972,378,0.09228515625,0.605712890625,1.0,0.513427734375,0.394287109375,-0.119140625,False,0.326416015625,1,6,True,,6,0 6,4084 500 3972 388 4081 497 3969 385
3,4,12,48,10,30,1,3621,481,0.117431640625,0.875,1.0,0.757568359375,0.125,-0.632568359375,False,0.1240234375,5,11,True,,10,5 10,3621 1061 3717 1157 3626 1066 3722 1162
3,4,12,49,1,46,1,3175,634,0.15478515625,0.7275390625,1.0,0.57275390625,0.2724609375,-0.30029296875,False,0.2509765625,2,3,False,,3,2 3,3940 3172 3972 3204 3943 3175 3975 3207
3,5,15,0,16,80,1,25277,2692,0.0821533203125,0.739105224609375,0.976806640625,0.656951904296875,0.237701416015625,-0.41925048828125,False,0.2457275390625,0,1,False,,3,3 5,25256 7848 25416 8008 25277 7869 25437 8029
3,5,15,1,23,20,1,16874,9904,0.30224609375,0.5234375,0.84375,0.22119140625,0.3203125,0.09912109375,True,0.13134765625,6,10,True,,10,6 10,14833 16881 14353 16401 14826 16874 14346 16394
3,5,15,2,30,77,1,31152,2128,0.06494140625,0.473388671875,0.71875,0.408447265625,0.245361328125,-0.1630859375,False,0.232421875,11,14,False,,3,3 14,17126 31462 16806 31142 17136 31472 16816 31152
3,5,15,3,14,44,1,32049,1958,0.05975341796875,0.41729736328125,0.8607177734375,0.3575439453125,0.44342041015625,0.08587646484375,True,0.4100341796875,6,10,True,,8,4 5,6830 32430 6446 32046 6833 32433 6449 32049
3,5,15,4,7,54,1,27225,5807,0.177215576171875,0.4962158203125,0.7412109375,0.319000244140625,0.2449951171875,-0.074005126953125,False,0.14630126953125,3,6,True,,8,7 8,21529 26649 22105 27225 21510 26630 22086 27206
3,5,15,5,35,20,1,15162,1756,0.0535888671875,0.2021484375,1.0,0.1485595703125,0.7978515625,0.6492919921875,True,0.7247314453125,12,14,False,,14,12 14,21146 15002 21306 15162 21126 14982 21286 15142
3,5,15,6,29,62,1,10449,3536,0.10791015625,0.335693359375,0.779296875,0.227783203125,0.443603515625,0.2158203125,True,0.323272705078125,3,9,True,,7,3 7,10887 18055 10439 17607 10897 18065 10449 17617
3,5,15,7,3,33,1,25633,6550,0.19989013671875,0.755859375,1.0,0.55596923828125,0.244140625,-0.31182861328125,False,0.19134521484375,8,9,False,,3,3 11,16257 26497 15393 25633 16280 26520 15416 25656
3,5,15,8,15,18,1,11619,12878,0.39300537109375,0.6219482421875,0.90283203125,0.22894287109375,0.2808837890625,0.05194091796875,True,0.13238525390625,4,9,True,,5,5 8,11619 355 12099 835 11630 366 12110 846
3,5,15,9,30,48,1,7162,2495,0.076141357421875,0.6590576171875,1.0,0.582916259765625,0.3409423828125,-0.241973876953125,False,0.13824462890625,10,11,False,,9,3 11,7162 17402 6362 16602 7156 17396 6356 16596
3,5,15,10,14,20,1,25357,2542,0.07757568359375,0.75,1.0,0.67242431640625,0.25,-0.42242431640625,False,0.615234375,5,9,False,,10,2 9,4885 25365 4821 25301 4877 25357 4813 25293
3,5,15,11,19,41,1,7116,11872,0.3623046875,0.671875,0.9501953125,0.3095703125,0.2783203125,-0.03125,False,0.1357421875,1,11,True,,1,1 11,18394 7130 17530 6266 18380 7116 17516 6252
3,5,15,12,17,53,1,16450,1743,0.053192138671875,0.636474609375,1.0,0.583282470703125,0.363525390625,-0.219757080078125,False,0.284027099609375,6,14,True,,4,4 10,10882 17026 10306 16450 10893 17037 10317 16461
3,5,15,13,14,25,1,10459,4196,0.1280517578125,0.4049072265625,0.78558349609375,0.27685546875,0.38067626953125,0.10382080078125,True,0.251190185546875,9,11,True,,9,9 11,10459 28891 11195 29627 10437 28869 11173 29605
3,5,15,14,5,20,1,950,3696,0.11279296875,0.9730224609375,1.0,0.8602294921875,0.0269775390625,-0.833251953125,False,0.05517578125,4,9,True,,6,0 5,22 30742 950 31670 7 30727 935 31655
3,5,15,15,11,71,1,25186,8572,0.2615966796875,0.8712158203125,1.0,0.609619140625,0.1287841796875,-0.4808349609375,False,0.064178466796875,2,13,True,,12,0 10,23874 24898 24162 25186 23892 24916 24180 25204
3,5,15,16,6,13,1,23163,5430,0.16571044921875,0.74560546875,1.0,0.57989501953125,0.25439453125,-0.32550048828125,False,0.49407958984375,4,12,True,,10,0 10,22139 23163 21915 22939 22132 23156 21908 22932
3,5,15,17,47,21,1,10531,2764,0.0843505859375,0.557830810546875,1.0,0.473480224609375,0.442169189453125,-0.03131103515625,False,0.667449951171875,1,11,True,,2,0 11,22819 10531 23171 10883 22824 10536 23176 10888
3,5,15,18,28,82,1,31385,1916,0.0584716796875,0.257171630859375,0.736572265625,0.198699951171875,0.479400634765625,0.28070068359375,True,0.415985107421875,5,13,True,,13,8 13,31385 1689 31065 1369 31363 1667 31043 1347
3,5,15,19,4,61,1,7727,2440,0.074462890625,0.25921630859375,0.74609375,0.18475341796875,0.48687744140625,0.3021240234375,True,0.39605712890625,7,14,True,,7,7 14,27168 7712 26624 7168 27183 7727 26639 7183
3,5,15,20,44,20,1,5709,10000,0.30517578125,1.0,1.0,0.69482421875,0.0,-0.69482421875,False,0.095703125,5,12,True,,7,7,28950 5398 29270 5718 28941 5389 29261 5709
3,5,15,21,2,38,1,23565,3360,0.1025390625,0.28631591796875,0.6875,0.18377685546875,0.40118408203125,0.2174072265625,True,0.35614013671875,2,10,True,,2,2 10,24109 12845 23565 12301 24097 12833 23553 12289
3,5,15,22,46,35,1,27940,2162,0.06597900390625,0.35479736328125,0.628662109375,0.288818359375,0.27386474609375,-0.01495361328125,False,0.2291259765625,0,10,True,,0,0 10,14628 27940 15044 28356 14655 27967 15071 28383
3,5,15,23,9,47,1,32148,4284,0.1307373046875,0.6192626953125,0.9990234375,0.488525390625,0.3797607421875,-0.1087646484375,False,0.520263671875,1,12,True,,10,2 10,11070 32574 10654 32158 11060 32564 10644 32148
3,5,15,24,9,26,1,5535,5312,0.162109375,0.64453125,1.0,0.482421875,0.35546875,-0.126953125,False,0.45751953125,3,5,True,,8,8 11,23845 5413 23941 5509 23871 5439 23967 5535
3,5,15,25,22,34,1,11475,2114,0.06451416015625,0.2166748046875,0.65625,0.15216064453125,0.4395751953125,0.28741455078125,True,0.3541259765625,6,14,True,,6,6 14,12061 18205 11485 17629 12051 18195 11475 17619
3,5,15,26,12,26,1,4176,2406,0.07342529296875,0.658935546875,1.0,0.58551025390625,0.341064453125,-0.24444580078125,False,0.3544921875,4,10,True,,6,1 6,27724 4172 28204 4652 27728 4176 28208 4656
3,5,15,27,30,42,1,16542,11292,0.3446044921875,0.893310546875,1.0,0.5487060546875,0.106689453125,-0.4420166015625,False,-0.030914306640625,9,10,True,,4,4 10,16638 5374 16542 5278 16609 5345 16513 5249
3,5,15,28,9,27,1,23262,1957,0.059722900390625,0.778076171875,1.0,0.718353271484375,0.221923828125,-0.496429443359375,False,0.544342041015625,4,13,True,,2,2 4,23358 10046 23262 9950 23346 10034 23250 9938
3,5,15,29,14,32,1,1238,6441,0.196563720703125,0.75634765625,1.0,0.559783935546875,0.24365234375,-0.316131591796875,False,0.2203369140625,3,10,True,,2,2 8,1869 9037 1229 8397 1878 9046 1238 8406
3,5,15,30,46,13,1,30294,2256,0.06884765625,1.0,1.0,0.93115234375,0.0,-0.93115234375,False,0.114501953125,7,14,True,,10,10,20047 30287 20143 30383 20054 30294 20150 30390
3,5,15,31,65,12,1,24544,1946,0.05938720703125,1.0,1.0,0.94061279296875,0.0,-0.94061279296875,False,0.37548828125,3,6,True,,7,7,24544 17376 23936 16768 24547 17379 23939 16771
3,5,15,32,32,22,1,11850,4932,0.1505126953125,1.0,1.0,0.8494873046875,0.0,-0.8494873046875,False,0.006591796875,3,5,True,,10,10,12007 19175 11847 19015 12010 19178 11850 19018
3,5,15,33,6,37,1,25304,1956,0.0596923828125,0.36175537109375,1.0,0.30206298828125,0.63824462890625,0.336181640625,True,0.53118896484375,4,12,True,,4,3 4,25304 28376 24952 28024 25309 28381 24957 28029
3,5,15,34,6,10,1,27564,1952,0.0595703125,0.1458740234375,0.314453125,0.0863037109375,0.1685791015625,0.082275390625,True,0.1824951171875,4,8,True,,14,4 8,8115 27571 8147 27603 8108 27564 8140 27596
3,5,15,35,10,49,1,22064,2230,0.06805419921875,0.18145751953125,0.59979248046875,0.1134033203125,0.4183349609375,0.304931640625,True,0.33917236328125,8,9,False,,9,8 9,3419 21851 3643 22075 3408 21840 3632 22064
3,5,15,36,20,20,1,32752,1728,0.052734375,0.20654296875,0.9140625,0.15380859375,0.70751953125,0.5537109375,True,0.57275390625,0,3,False,,3,0 3,784 32528 1008 32752 778 32522 1002 32746
3,5,15,37,19,65,1,12978,1692,0.0516357421875,0.297607421875,1.0,0.2459716796875,0.702392578125,0.4564208984375,True,0.5572509765625,3,14,True,,3,3 14,13172 28532 12980 28340 13170 28530 12978 28338
3,5,15,38,54,14,1,5834,6188,0.1888427734375,0.484375,0.78125,0.2955322265625,0.296875,0.0013427734375,True,0.181884765625,0,6,True,,14,0 7,5844 23252 5236 22644 5834 23242 5226 22634
3,5,15,39,6,121,1,15368,2420,0.0738525390625,0.1700439453125,0.357177734375,0.09619140625,0.1871337890625,0.0909423828125,True,0.1717529296875,4,6,True,,8,4 6,16136 17160 15368 16392 16130 17154 15362 16386
3,5,15,40,2,25,1,24618,2443,0.074554443359375,0.506805419921875,0.9375,0.4322509765625,0.430694580078125,-0.001556396484375,False,0.373779296875,6,13,True,,13,6 13,19498 24618 19658 24778 19509 24629 19669 24789
3,5,15,41,37,77,1,9749,2074,0.06329345703125,0.55987548828125,0.98681640625,0.49658203125,0.42694091796875,-0.06964111328125,False,0.31982421875,9,10,True,,7,7 10,9736 24072 9928 24264 9749 24085 9941 24277
3,5,15,42,49,96,1,8574,4490,0.13702392578125,0.302490234375,0.6875,0.16546630859375,0.385009765625,0.21954345703125,True,0.2958984375,8,9,False,,8,8 9,8574 32126 9214 32766 8557 32109 9197 32749
3,5,15,43,19,54,1,28676,1712,0.05224609375,0.25341796875,0.611328125,0.201171875,0.35791015625,0.15673828125,True,0.32958984375,1,14,True,,6,6 9,28676 3076 29668 4068 28699 3099 29691 4091
3,5,15,44,106,42,1,1949,2426,0.07403564453125,0.86669921875,1.0,0.79266357421875,0.13330078125,-0.65936279296875,False,0.402587890625,12,14,False,,13,0 13,2267 1243 2971 1947 2269 1245 2973 1949
3,5,15,45,1,64,1,17972,13173,0.402008056640625,0.75970458984375,0.921875,0.357696533203125,0.16217041015625,-0.195526123046875,False,0.088897705078125,4,13,True,,14,2 14,14772 17844 14900 17972 14753 17825 14881 17953
3,5,15,46,12,32,1,24894,3364,0.1026611328125,0.57366943359375,1.0,0.47100830078125,0.42633056640625,-0.044677734375,False,0.21649169921875,5,7,False,,5,5 7,24926 13662 24894 13630 24913 13649 24881 13617
3,5,15,47,5,18,1,14973,3374,0.10296630859375,0.581695556640625,1.0,0.478729248046875,0.418304443359375,-0.0604248046875,False,0.36846923828125,2,11,True,,11,2 11,21309 15165 21117 14973 21283 15139 21091 14947
3,5,15,48,2,60,1,5433,2142,0.06536865234375,0.6990966796875,1.0,0.63372802734375,0.3009033203125,-0.33282470703125,False,0.24267578125,5,14,True,,14,5 14,3842 5890 3362 5410 3865 5913 3385 5433
3,5,15,49,32,16,1,24953,4268,0.1302490234375,0.469970703125,1.0,0.3397216796875,0.530029296875,0.1903076171875,True,0.4139404296875,3,14,True,,3,3 10,24821 20725 24949 20853 24825 20729 24953 20857
